# OUI-SPY partition table for the Seeed XIAO ESP32-C6 (4 MB flash, no PSRAM).
# The S3 build keeps using the 8 MB partitions.csv; this one is only for the
# C6 env. App image is ~1.2 MB, so a 2.8 MB app slot leaves plenty of headroom,
# with ~1 MB of SPIFFS for Flock-You's session persistence (/prev_session.json).
#
# Name,   Type, SubType,  Offset,   Size,     Flags
nvs,      data, nvs,      0x9000,   0x5000,
otadata,  data, ota,      0xe000,   0x2000,
app0,     app,  ota_0,    0x10000,  0x2E0000,
spiffs,   data, spiffs,   0x2F0000, 0x110000,
